Location,Cluster,Spectral_Label,HC_Cluster,Hierarchical_Label
Albania,0,Aging (Constrictive),1,Aging (Constrictive)
Algeria,0,Aging (Constrictive),0,Transitional (Stationary)
Antigua and Barbuda,0,Aging (Constrictive),0,Transitional (Stationary)
Argentina,0,Aging (Constrictive),0,Transitional (Stationary)
Armenia,0,Aging (Constrictive),1,Aging (Constrictive)
Australia,0,Aging (Constrictive),1,Aging (Constrictive)
Austria,0,Aging (Constrictive),1,Aging (Constrictive)
Azerbaijan,0,Aging (Constrictive),0,Transitional (Stationary)
Bahamas,0,Aging (Constrictive),0,Transitional (Stationary)
Bangladesh,0,Aging (Constrictive),0,Transitional (Stationary)
Barbados,0,Aging (Constrictive),1,Aging (Constrictive)
Belarus,0,Aging (Constrictive),1,Aging (Constrictive)
Belgium,0,Aging (Constrictive),1,Aging (Constrictive)
Bhutan,0,Aging (Constrictive),0,Transitional (Stationary)
Bolivia (Plurinational State of),0,Aging (Constrictive),0,Transitional (Stationary)
Bosnia and Herzegovina,0,Aging (Constrictive),1,Aging (Constrictive)
Brazil,0,Aging (Constrictive),0,Transitional (Stationary)
Brunei Darussalam,0,Aging (Constrictive),0,Transitional (Stationary)
Bulgaria,0,Aging (Constrictive),1,Aging (Constrictive)
Canada,0,Aging (Constrictive),1,Aging (Constrictive)
Chile,0,Aging (Constrictive),0,Transitional (Stationary)
China,0,Aging (Constrictive),1,Aging (Constrictive)
"China, Taiwan Province of China",0,Aging (Constrictive),1,Aging (Constrictive)
Colombia,0,Aging (Constrictive),0,Transitional (Stationary)
Costa Rica,0,Aging (Constrictive),0,Transitional (Stationary)
Croatia,0,Aging (Constrictive),1,Aging (Constrictive)
Cuba,0,Aging (Constrictive),1,Aging (Constrictive)
Curaçao,0,Aging (Constrictive),1,Aging (Constrictive)
Cyprus,0,Aging (Constrictive),0,Transitional (Stationary)
Czechia,0,Aging (Constrictive),1,Aging (Constrictive)
Dem. People's Republic of Korea,0,Aging (Constrictive),0,Transitional (Stationary)
Denmark,0,Aging (Constrictive),1,Aging (Constrictive)
Dominican Republic,0,Aging (Constrictive),0,Transitional (Stationary)
Ecuador,0,Aging (Constrictive),0,Transitional (Stationary)
El Salvador,0,Aging (Constrictive),0,Transitional (Stationary)
Estonia,0,Aging (Constrictive),1,Aging (Constrictive)
Fiji,0,Aging (Constrictive),0,Transitional (Stationary)
Finland,0,Aging (Constrictive),1,Aging (Constrictive)
France,0,Aging (Constrictive),1,Aging (Constrictive)
Georgia,0,Aging (Constrictive),1,Aging (Constrictive)
Germany,0,Aging (Constrictive),1,Aging (Constrictive)
Greece,0,Aging (Constrictive),1,Aging (Constrictive)
Grenada,0,Aging (Constrictive),0,Transitional (Stationary)
Guam,0,Aging (Constrictive),0,Transitional (Stationary)
Guyana,0,Aging (Constrictive),0,Transitional (Stationary)
Hungary,0,Aging (Constrictive),1,Aging (Constrictive)
Iceland,0,Aging (Constrictive),1,Aging (Constrictive)
India,0,Aging (Constrictive),0,Transitional (Stationary)
Indonesia,0,Aging (Constrictive),0,Transitional (Stationary)
Iran (Islamic Republic of),0,Aging (Constrictive),0,Transitional (Stationary)
Ireland,0,Aging (Constrictive),1,Aging (Constrictive)
Israel,0,Aging (Constrictive),0,Transitional (Stationary)
Italy,0,Aging (Constrictive),1,Aging (Constrictive)
Jamaica,0,Aging (Constrictive),0,Transitional (Stationary)
Japan,0,Aging (Constrictive),1,Aging (Constrictive)
Kazakhstan,0,Aging (Constrictive),0,Transitional (Stationary)
Kuwait,0,Aging (Constrictive),0,Transitional (Stationary)
Latvia,0,Aging (Constrictive),1,Aging (Constrictive)
Lebanon,0,Aging (Constrictive),0,Transitional (Stationary)
Libya,0,Aging (Constrictive),0,Transitional (Stationary)
Lithuania,0,Aging (Constrictive),1,Aging (Constrictive)
Luxembourg,0,Aging (Constrictive),1,Aging (Constrictive)
Malaysia,0,Aging (Constrictive),0,Transitional (Stationary)
Malta,0,Aging (Constrictive),1,Aging (Constrictive)
Mauritius,0,Aging (Constrictive),0,Transitional (Stationary)
Mexico,0,Aging (Constrictive),0,Transitional (Stationary)
Mongolia,0,Aging (Constrictive),0,Transitional (Stationary)
Montenegro,0,Aging (Constrictive),1,Aging (Constrictive)
Morocco,0,Aging (Constrictive),0,Transitional (Stationary)
Myanmar,0,Aging (Constrictive),0,Transitional (Stationary)
Netherlands,0,Aging (Constrictive),1,Aging (Constrictive)
New Zealand,0,Aging (Constrictive),1,Aging (Constrictive)
North Macedonia,0,Aging (Constrictive),1,Aging (Constrictive)
Northern Europe,0,Aging (Constrictive),1,Aging (Constrictive)
Norway,0,Aging (Constrictive),1,Aging (Constrictive)
Panama,0,Aging (Constrictive),0,Transitional (Stationary)
Peru,0,Aging (Constrictive),0,Transitional (Stationary)
Poland,0,Aging (Constrictive),1,Aging (Constrictive)
Portugal,0,Aging (Constrictive),1,Aging (Constrictive)
Puerto Rico,0,Aging (Constrictive),1,Aging (Constrictive)
Republic of Korea,0,Aging (Constrictive),1,Aging (Constrictive)
Republic of Moldova,0,Aging (Constrictive),1,Aging (Constrictive)
Romania,0,Aging (Constrictive),1,Aging (Constrictive)
Russian Federation,0,Aging (Constrictive),1,Aging (Constrictive)
Saint Lucia,0,Aging (Constrictive),0,Transitional (Stationary)
Saint Vincent and the Grenadines,0,Aging (Constrictive),0,Transitional (Stationary)
Saudi Arabia,0,Aging (Constrictive),0,Transitional (Stationary)
Serbia,0,Aging (Constrictive),1,Aging (Constrictive)
Seychelles,0,Aging (Constrictive),0,Transitional (Stationary)
Singapore,0,Aging (Constrictive),1,Aging (Constrictive)
Slovakia,0,Aging (Constrictive),1,Aging (Constrictive)
Slovenia,0,Aging (Constrictive),1,Aging (Constrictive)
Spain,0,Aging (Constrictive),1,Aging (Constrictive)
Sri Lanka,0,Aging (Constrictive),0,Transitional (Stationary)
Suriname,0,Aging (Constrictive),0,Transitional (Stationary)
Sweden,0,Aging (Constrictive),1,Aging (Constrictive)
Switzerland,0,Aging (Constrictive),1,Aging (Constrictive)
Thailand,0,Aging (Constrictive),1,Aging (Constrictive)
Trinidad and Tobago,0,Aging (Constrictive),1,Aging (Constrictive)
Tunisia,0,Aging (Constrictive),0,Transitional (Stationary)
Turkey,0,Aging (Constrictive),0,Transitional (Stationary)
Ukraine,0,Aging (Constrictive),1,Aging (Constrictive)
United Kingdom,0,Aging (Constrictive),1,Aging (Constrictive)
United States of America,0,Aging (Constrictive),1,Aging (Constrictive)
Uruguay,0,Aging (Constrictive),1,Aging (Constrictive)
Venezuela (Bolivarian Republic of),0,Aging (Constrictive),0,Transitional (Stationary)
Viet Nam,0,Aging (Constrictive),0,Transitional (Stationary)
Afghanistan,1,High Growth (Expansive),2,High Growth (Expansive)
Angola,1,High Growth (Expansive),2,High Growth (Expansive)
Belize,1,High Growth (Expansive),0,Transitional (Stationary)
Benin,1,High Growth (Expansive),2,High Growth (Expansive)
Botswana,1,High Growth (Expansive),0,Transitional (Stationary)
Burkina Faso,1,High Growth (Expansive),2,High Growth (Expansive)
Burundi,1,High Growth (Expansive),2,High Growth (Expansive)
Cabo Verde,1,High Growth (Expansive),0,Transitional (Stationary)
Cambodia,1,High Growth (Expansive),0,Transitional (Stationary)
Cameroon,1,High Growth (Expansive),2,High Growth (Expansive)
Central African Republic,1,High Growth (Expansive),2,High Growth (Expansive)
Chad,1,High Growth (Expansive),2,High Growth (Expansive)
Comoros,1,High Growth (Expansive),2,High Growth (Expansive)
Congo,1,High Growth (Expansive),2,High Growth (Expansive)
Côte d'Ivoire,1,High Growth (Expansive),2,High Growth (Expansive)
Democratic Republic of the Congo,1,High Growth (Expansive),2,High Growth (Expansive)
Djibouti,1,High Growth (Expansive),0,Transitional (Stationary)
Egypt,1,High Growth (Expansive),0,Transitional (Stationary)
Equatorial Guinea,1,High Growth (Expansive),0,Transitional (Stationary)
Eritrea,1,High Growth (Expansive),2,High Growth (Expansive)
Eswatini,1,High Growth (Expansive),2,High Growth (Expansive)
Ethiopia,1,High Growth (Expansive),2,High Growth (Expansive)
Gabon,1,High Growth (Expansive),0,Transitional (Stationary)
Gambia,1,High Growth (Expansive),2,High Growth (Expansive)
Ghana,1,High Growth (Expansive),2,High Growth (Expansive)
Guatemala,1,High Growth (Expansive),0,Transitional (Stationary)
Guinea,1,High Growth (Expansive),2,High Growth (Expansive)
Guinea-Bissau,1,High Growth (Expansive),2,High Growth (Expansive)
Haiti,1,High Growth (Expansive),0,Transitional (Stationary)
Honduras,1,High Growth (Expansive),0,Transitional (Stationary)
Iraq,1,High Growth (Expansive),2,High Growth (Expansive)
Jordan,1,High Growth (Expansive),0,Transitional (Stationary)
Kenya,1,High Growth (Expansive),2,High Growth (Expansive)
Kiribati,1,High Growth (Expansive),0,Transitional (Stationary)
Kyrgyzstan,1,High Growth (Expansive),0,Transitional (Stationary)
Lao People's Democratic Republic,1,High Growth (Expansive),0,Transitional (Stationary)
Lesotho,1,High Growth (Expansive),0,Transitional (Stationary)
Liberia,1,High Growth (Expansive),2,High Growth (Expansive)
Madagascar,1,High Growth (Expansive),2,High Growth (Expansive)
Malawi,1,High Growth (Expansive),2,High Growth (Expansive)
Mali,1,High Growth (Expansive),2,High Growth (Expansive)
Mauritania,1,High Growth (Expansive),2,High Growth (Expansive)
Mozambique,1,High Growth (Expansive),2,High Growth (Expansive)
Namibia,1,High Growth (Expansive),0,Transitional (Stationary)
Nepal,1,High Growth (Expansive),0,Transitional (Stationary)
Nicaragua,1,High Growth (Expansive),0,Transitional (Stationary)
Niger,1,High Growth (Expansive),2,High Growth (Expansive)
Nigeria,1,High Growth (Expansive),2,High Growth (Expansive)
Pakistan,1,High Growth (Expansive),0,Transitional (Stationary)
Papua New Guinea,1,High Growth (Expansive),0,Transitional (Stationary)
Paraguay,1,High Growth (Expansive),0,Transitional (Stationary)
Philippines,1,High Growth (Expansive),0,Transitional (Stationary)
Rwanda,1,High Growth (Expansive),2,High Growth (Expansive)
Samoa,1,High Growth (Expansive),2,High Growth (Expansive)
Sao Tome and Principe,1,High Growth (Expansive),2,High Growth (Expansive)
Senegal,1,High Growth (Expansive),2,High Growth (Expansive)
Sierra Leone,1,High Growth (Expansive),2,High Growth (Expansive)
Solomon Islands,1,High Growth (Expansive),2,High Growth (Expansive)
Somalia,1,High Growth (Expansive),2,High Growth (Expansive)
South Africa,1,High Growth (Expansive),0,Transitional (Stationary)
South Sudan,1,High Growth (Expansive),2,High Growth (Expansive)
Sudan,1,High Growth (Expansive),2,High Growth (Expansive)
Syrian Arab Republic,1,High Growth (Expansive),0,Transitional (Stationary)
Tajikistan,1,High Growth (Expansive),0,Transitional (Stationary)
Timor-Leste,1,High Growth (Expansive),2,High Growth (Expansive)
Togo,1,High Growth (Expansive),2,High Growth (Expansive)
Tonga,1,High Growth (Expansive),2,High Growth (Expansive)
Turkmenistan,1,High Growth (Expansive),0,Transitional (Stationary)
Uganda,1,High Growth (Expansive),2,High Growth (Expansive)
United Republic of Tanzania,1,High Growth (Expansive),2,High Growth (Expansive)
Uzbekistan,1,High Growth (Expansive),0,Transitional (Stationary)
Vanuatu,1,High Growth (Expansive),2,High Growth (Expansive)
Yemen,1,High Growth (Expansive),2,High Growth (Expansive)
Zambia,1,High Growth (Expansive),2,High Growth (Expansive)
Zimbabwe,1,High Growth (Expansive),2,High Growth (Expansive)
Bahrain,2,Transitional (Stationary),0,Transitional (Stationary)
Maldives,2,Transitional (Stationary),0,Transitional (Stationary)
Oman,2,Transitional (Stationary),0,Transitional (Stationary)
Qatar,2,Transitional (Stationary),0,Transitional (Stationary)
United Arab Emirates,2,Transitional (Stationary),0,Transitional (Stationary)
